text,sentiment
"@ReceitaFederal Só não encontra a sonegação da Globopar, né rapaziada?",-1
"@ReceitaFederal LEI GERAL DE PROTEÇÃO DE DADOS

https://t.co/8k60mQU1nA

O que acontece quando uma PESSOA, não comentarei aqui sobre profissionalismo e ética, de forma NÃO autorizada busca no Banco de Dados ou via sistema os dados dos funcionários e vende estas informações a terceiros?",-1
@ReceitaFederal PRECISO GERAR PAGAMENTO DAS SIMPLES 03.760.647-0001-00. TEM ALGO ERRADO,-1
"@ReceitaFederal Pedir não ofende, me dá um estou usando um emprestado após ser roubado. 

Qualquer coisa envio contato.",-1
@ReceitaFederal Seria d tirar desconto n ImpRenda d despesas c/saúde e educ. É $ público p/serviços privados q os +necessitados ñ têm acesso,-1
"@ReceitaFederal AMIL não manda comprovante p IR, cria aplicativo confuso, define até como fazer senha, infernizando usuário já puto de raiva",-1
@ReceitaFederal Os Perella tb usam helicóptero........,-1
@ReceitaFederal E os desvios de 💰💰💰💰 internamente vcs desconhecem? Coitados daqueles q juntam $$ p viajar!! Esses são os vilões,-1
@ReceitaFederal Quando o problema do CAPTCHA no site será resolvido? Precisamos de pelo menos uma previsão.,-1
"@ReceitaFederal Podem explicar porquê mesmo pagando as parcelas do IR antes do vencimento, constam débitos, porque estão amortizando um valor menor do que estou pagando?????",-1
@ReceitaFederal desgraçados filhos da puta eu vo confiscar seu filho,-1
@ReceitaFederal como eu denuncio uma loja que não fornece nota fiscal?,-1
"@ReceitaFederal E extorsão, tenho a fatura da Inglaterra e tentei mandar pelo Site do Correios mas sem sucesso pois o site não aceitava o arquivo com a fatura, espero que a mercadoria não seja mandado de volta, não tenho como pagar este valor exorbitante,  tenho a fatura",-1
@ReceitaFederal O IRPF2017 baixado aparece como arquivo corrompido já no download. Têm alguma sugestão?,-1
@ReceitaFederal nós contadores não estamos conseguindo transmitir a DCTF inativas. Bora arrumar uma solução?,-1
"@ReceitaFederal Brasil é comandado por bandidos com credenciais de autoridade. (Mauro Roberto). Em plena luz do dia o temerário bandido investigado PF se reúne 'juíza' do stf. 

https://t.co/iyp4FPUfxz",-1
@ReceitaFederal vocês podiam melhorar o nível do atendimento na ARF de São Caetano. Cheguei à agência com dois minutos de atraso e minha senha (PEF1) tinha sido chamada já. Expliquei que tive um contratempo e geraram uma senha nova. Mas o serviço que eu precisava não foi prestado,-1
"@ReceitaFederal Estamos num país ridículo, não declaro mais",-1
"@ReceitaFederal Regularização de débitos apenas?! 

E pendências cadastrais de esfera estadual e municipal!?

Burrocracia!

* Corrija: Regularização de débitos e pendências cadastrais.",-1
@ReceitaFederal  seus pau no cú vão taxa minha rola....eu vou fuder com vcs e monte gente ta cansado dessa merda...de taxa,-1
@ReceitaFederal Gostaria de saber quando vcs irão devolver o que me roubaram??? Estou com uma mercadoria desde o dia 26/8 em “hold” no Custom do RJ e NUNCA RECEBI NENHUM AVISO ou nada referente ao meu envio! São 4 - 6 peças de roupas que mandei para a minha sobrinha em SP!! KD A MINHA ENCOMENDAA,-1
"@ReceitaFederal estou aqui fazendo uma queixa, sobre o trabalho de vocês. Nós compramos 2 barcos, um veio com tudo certinho e o outro todo bagunçado fora da embalagem e sem o trilho lateral, não há nada de errado em revistar mercadorias que passam pela fronteira+ https://t.co/Be4yTaZbRo",-1
@ReceitaFederal deveria procurar o que fazer... Vá procurar uma lavagem de dinheiro! https://t.co/Mcfd0McizB,-1
@ReceitaFederal Pelo amor ao próximo. Não tem mais o que fazer? Querer processar o governador do Maranhão por que faz o bem?,-1
"@ReceitaFederal Estou com uma mercadoria parada em SP, os correios disse que os auditores da receita estão em greve",-1
"@ReceitaFederal eieieieieieieieiieieieieieiieieieieieieieiiei
ROUBADO CONTA EM BANCO CENTRAL PRECISO DE SUPORTE URGENTEMENTE SOLICITO SEGURO URGENTEMENTE 
VALOR 1 TRILHÃO MAIS 
GABRIEL BRASIL",-1
"@ReceitaFederal Receita leva 6 meses para consolidar os dados, e o contribuinte tem 11 dias pra ser virar. Brasiiiiiiilllll",-1
@ReceitaFederal CPF regular e não consigo.....pq?como fazer https://t.co/bNVJZQQzVT,-1
@ReceitaFederal Organização criminosa rouba avião por não pagar taxa de extorsão e não concordar com duas regras aleatórias.,-1
"@ReceitaFederal O eSocial não está disponibilizando o botão para emitir a guia, mas apenas p/ Emitir Recibos e Relatório Consolidado.",-1
@portalRFB Liberem as nossas encomendas #cadeomeupacote #receitafederal,-1
"@ReceitaFederal @MinEconomia @jairbolsonaro @Caixa @MinEconomia Sou PJ de bancos privados público, estou a dias semanas meses solicitando ajuda capital giro, tanto presencial email, ouvidoria, sem resultados, bancos não deixam as MPE acessarem esse capital. SÃO ESSAS AS MEDIDAS  precisamos de caso concreto",-1
@ReceitaFederal Existe uma explicação porque os Filhos de R. Marinho não figuravam entre os + ricos do Brasil e agora encabeçam a lista?,-1
"@ReceitaFederal Como pode haver tanto dinheiro girando na CORRUPÇÃO, tanto aumento irregular de patrimônio e a Receita Federal não viu nada?",-1
"@ReceitaFederal @salimmattarBR Eu tenho que esperar boleto pago no sábado ser compensado na terça, só pra escapar dos 6,38% de IOF do cartão.",-1
@ReceitaFederal  @jairbolsonaro isso não existe !!! Já vai para 80 dias e ainda continua preparar distribuição q está na malha para restituição.   Um absurdo !!,-1
@ReceitaFederal aí tem!!!,-1
"@ReceitaFederal @FazendaGovBr 

E o combate ao descaminho e subfaturamento do NIÓBIO, como fica?

@SINPEF_MS @FENAPEF @agenciapf",-1
"@ReceitaFederal  @STF_oficial @policiafederal  
Qta sujeira, hein?
#PodresPoderes https://t.co/PCMUv1oq8k",-1
"@ReceitaFederal Que pena. Que desperdício de dinheiro público com uma atividade que nunca irá acabar, e por uma ação que não é violenta.",-1
@ReceitaFederal Acesso com certificado digital ao E-CAC parou de funcionar!!!!!!!!!!!!!,-1
"@ReceitaFederal gerem um DARF para pagar, por favor!",-1
"@ReceitaFederal pega os smart fone, os notebooks, e destops e msnda ligar em uma sala na cadeia p que os presos sejam ouvidos",-1
"@PortalRFB Não bastasse a tributação ilegal de meu produto,demoram p/ entregá-lo p/ a devida contestação!Pedido de Revisão Online Urgente!",-1
@ReceitaFederal O sistema não está funcionando...,-1
"@ReceitaFederal Se vocês não fossem tão incompetentes, e se o quadro de funcionários não fosse composto por 90% de vagabundos, para não dizer em grande parte corruptos, a arrecadação seria muito maior. Vocês atrasam o desenvolvimento do país diariamente!",-1
@ReceitaFederal vai valer também para as empresas que nos roubaram como ficou demonstrado na operação Lava Jato? https://t.co/pszStj66Eh,-1
"@PortalRFB Como cidadã gostaria de saber se a Globo PAGOU os 2,1 Bilhões de reais que deve a Receita? http://t.co/B4EaROGHZE A Globo pagou?",-1
@ReceitaFederal  Ué tão taxando até gif (presente ) com valor declarado em 48 dólares? #padrãodacasa,-1
@ReceitaFederal Quem foi o babacas que pagaram? Eu n fui ✌🏽,-1
"@ReceitaFederal Bom dia! Por gentileza, como posso baixar e imprimir o Recibo de Envio??

Transmiti do meu celular depois de várias tentativas, porém agora me mostra esta mensagem e não me permite baixar e imprimir o Recibo, neste mesmo celular. https://t.co/LskqLjhKnB",-1
"@ReceitaFederal Poderia me explicar como os Chineses vendem diretamente no Site/Plataforma Shopee, sem emissão de nota, sem nada?? 
Vocês não vão intervir na plataforma?? 
Isso fere a livre concorrência, tendo em visto que nós (brasileiros) temos que pagar impostos pelas vendas.",-1
"@ReceitaFederal tem previsão de retorno das funcionalidades da REDESIM? Estou, desde ontem, tentando fazer uma alteração utilizando o coletor nacional e muitos outros contadores reclamando do mesmo problema. https://t.co/Qe23lME1Uw",-1
"@ReceitaFederal BRASIL PERGUNTE AO MIN FAZENDA TEMER,- PQ LULA E ELE DEVOLVEU OS 30 BI DOLARES P/ FMI SE O BRASIL  QUEBRADO C/CUIA FMI  MÃO?",-1
"@ReceitaFederal Usem o dinheiro dos impostos e mamem minha pingola, pfv, só to pedindo isso",-1
@ReceitaFederal Há algum problema c/ a versão do programa IRPF2017 pra MAC? Recebi msg pra descartar pois está corrompido.,-1
"@ReceitaFederal Eu quero que o responsável pela conta da RFno twitter explique quem é a vítima na sonegação de impostos, no contrabando. Já que chamam de crime. Explique quem é a vítima.
#impostoéroubo",-1
@ReceitaFederal que péssimo atendimento! Se a pessoa não tem conhecimento de tecnologia simplesmente não é atendida!  Cadê um telefone para atender esse pessoal?,-1
@ReceitaFederal O site da receita está com problema não consigo ver se tenho restituição,-1
"@ReceitaFederal Já declarei um IPRF a mais de 1 mes. Estou tentando pagar a boleta q vence dia 30 desse mes, mas ate hj o banco não aceita a transação, não encontro nenhum meio de pagar a boleta e nenhuma orientação da receita sobre o assunto. Alguem pode me dar luz sobre o q esta acontecendo??",-1
@ReceitaFederal como isso passava pela malha fina? Gostaria de entender como declara uma receita de 1milhão por uma palestra. https://t.co/ZvhxE83New,-1
@ReceitaFederal o boleto do #eSocial veio sem identificação do empregado. Como saber a quem o boleto se refere? https://t.co/lEVwd5xnZ4,-1
@PortalRFB Gostaria muito q a Receita tivesse um portal p/ pedido de revisão online das encomendas internac.O sistema atual é ultrapassado,-1
"@ReceitaFederal Podem me ajudar. Preciso saber do status de uma encomenda que está na fiscalização aduaneira a 54 dias. Não consigo o telefone, todos dão ocupados. Por favor me ajudem.",-1
@ReceitaFederal  preciso da ajuda de vocês.  Eu preciso da minha declaração de imposto de renda do ano de 2018 eu tô tentando a manhã toda e o site não deixa . Preciso levar para um juiz e urgente,-1
"@ReceitaFederal Nada funciona, inclusive o site ao qual eu e tantos precisam.",-1
"@ReceitaFederal, e essa dívida? Já foi paga? http://t.co/ia9IR83iHs",-1
"@ReceitaFederal Depois de tudo que SABEMOS AGORA, é muita cara dura do secretário vir ameaçando com multa. MUITA!",-1
@PortalRFB Por que a Receita demora tanto para entregar uma mercadoria tributada comprada no exterior? É normal 20 dias de retenção?,-1
@ReceitaFederal como que eu faço pra declarar isençao de imposto de renda num to entendendo nada,-1
@ReceitaFederal espero que vcs já tenham aberto procedimento pra bacana pagar o que deve! #Vera792k,-1
@ReceitaFederal Não consigo acessar o Ecac por nada...o que acontece com o site?? Estou precisando muito acessar...,-1
"@ReceitaFederal Caralho, vcs roubaram 843 bilhões de reais dos brasileiros só nesse tempo? Por isso que tem crise e gente sendo demitida. Vcs são os culpados.",-1
@ReceitaFederal vocês tem que explodi seus filhos da Puta  esse pais é Feito de Ladrao como vocês seus arrombado,-1
@ReceitaFederal arruma a porra do site de vcs na moral,-1
"@ReceitaFederal Pessoal, o sistema CNPJ WEB ainda não está 100%. Hoje perdi o dia todo para enviar um DBE de retirada de sócio...",-1
"@ReceitaFederal a declaração pelo eCac, utilizando os dados da RFB não funciona. Da pau na hora de carregar os dados. Tem como ver aí?",-1
"@ReceitaFederal Não consigo atendimento presencial nem agendamento, preciso do número do CPF de meu filho menor para fazer a DIRPF",-1
"@PortalRFB Olá, vcs estão com problema para preenchimento do formulário de SAÍDA DEFINITIVA ?",-1
"@ReceitaFederal Poxa vida ta difícil, enviar algo ao Brasil, honestamente a Alfândega, é muito desorganizada, não dão informação é um desastre, nota zero, país de quinto mundo. Vivo em USA.",-1
"@ReceitaFederal Nao sei se consigo mais vou tentar por aqui. Moro na China a 7 anos, aqui adquiri um ps4 com vr, uma guitarra e violao, gostaria de saber se voltar pra o Brasil como faco para levar meu pertences, ah tenho um gato tbm. OBG",-1
@ReceitaFederal 27 milhões de brasileiros são obrigados declarar IR. IMAGINEM 20 MILHÕES BRASILEIROS PROMOVEREM DESOBEDIÊNCIA CIVIL E NADA DE PAGAR E NEM DECLARAR IR? CAOS IMEDIATO. STF AÇOITADO. NÃO ACEITAMOS QUE CONDENADO 2A INSTÂNCIA SEJA SOLTO @STF_oficial,-1
@ReceitaFederal Boa tarde. Por favor: não estou conseguindo enviar DCTF mensal usando receita net 1.04. Qdo vai atualizar? Grato.,-1
"@ReceitaFederal @SF_Moro 
Sonegação ainda é crime??? https://t.co/m2oCZyE6O7",-1
"@ReceitaFederal o que está acontecendo com a importação de notas via website de vcs, tá dando dor de cabeça em todo mundo seus sem pai do caralho",-1
"@ReceitaFederal @MPF_PGR @AmendoncaMJSP @JusticaGovBR , primeiro foram os cidadãos, agora o Ministério da Saúde, e o Presidente. Está Nação não está orfã de suas Instituições de Justiça, está erva daninha precisa ser cortada antes que suas raízes fiquem incontroláveis. https://t.co/rvPMx2dWjx",-1
"@ReceitaFederal CP012896749ID
PRIMEIRO, OBJETO INTERNACIONAL É TAXADO. EU RESOLVO PEDIR REAVALIAÇÃO DA COBRANÇA, E O RESULTADO NO SITE APARECE:
Importação Não Autorizada - Objeto sujeito à devolução
SEIS MESES ESPERANDO",-1
@ReceitaFederal Minha Declaração IRPF 2014 não consigo finalizar pq o prog. informa q ocorreu erro inesperado e q devo proc. RFB. Ajude-me!,-1
@ReceitaFederal 80 dias ainda preparando distribuição. Nada de restituir!!!,-1
"@ReceitaFederal Libera minha restituição do imposto de renda aí!
Já não é muito, ainda fica demorando",-1
@ReceitaFederal POXA CADE A NEGOCIAÇÃO DO IPVA 2016 RJ?,-1
"@ReceitaFederal   O DETRAN age c/ rigor multa e reboca carros  restaurantes fiscalizados e multados  mas, temos de enfrentar potentes sons!",-1
@ReceitaFederal Oi? Alguém? PRECISO de ajuda!!!!,-1
@ReceitaFederal Enquanto isso os políticos desviam milhões e a receita nunca vê nada.,-1
"@ReceitaFederal Simplesmente impossível ter alguma informação pelos canais de atendimento. Informações completamente restritas, plataforma de difícil navegação e truncada. Preciso de uma certidão, e não consigo fazer nada...",-1
@ReceitaFederal o arquivo de instalação de IRPF 2018 para plataforma MAC esta corrompido. Como proceder?,-1
"@ReceitaFederal Sem contador, despachante e advogado o exportador não faz absolutamente nada.",-1
@ReceitaFederal desde ontem estou tentando importar uma declaração no aplicativo e retorna que o ambiente da RFB está indisponível,-1
"@ReceitaFederal Poxa vida ta difícil, enviar algo ao Brasil, honestamente a Alfândega, é muito desorganizada, não dão informação é um desastre, nota zero, país de quinto mundo. Vivo em USA.",-1
@ReceitaFederal Estou experimentando erro ao tentar agendar pelo e-CAC. E já tentei pelo Edge e pelo Firefox. Tem alternativa?,-1
"@ReceitaFederal Não estou conseguindo consultar meu CPF, o site está fora. Saberiam informar qual a previsão de retorno?",-1
"@ReceitaFederal dá uma ajuda ae
como faço para obter informação de um pedido de revisão de Tributo?
Já faz 2 meses, socorro",-1
@ReceitaFederal vai voltar a funcionar algum dia? https://t.co/xNmkzSRrr7,-1
"@ReceitaFederal Em Osasco, disseram na agência que para esse serviço não precisa de agendamento, mais como é outra municipio não recebem.",-1
"@ReceitaFederal CP012896749ID
PRIMEIRO, OBJETO INTERNACIONAL É TAXADO. EU RESOLVO PEDIR REAVALIAÇÃO DA COBRANÇA, E O RESULTADO NO SITE APARECE:
Importação Não Autorizada - Objeto sujeito à devolução
SEIS MESES ESPERANDO",-1
"@ReceitaFederal Dá pra melhorar esse serviço, heim?",-1
"@ReceitaFederal  Boa tarde,pq ninguem atende o tel 24528328 .Como o cidadão fará o agendamento??Como vai tirar suas duvidas?",-1
"@ReceitaFederal Temer, privatiza tb a receita federal, pq não serve pra nada a não ser pensar em como complicar ainda mais a vida do Empresário Individual ou Micro. @meirelles @Governo_Federal @consumidor_gov @FazendaGovBr https://t.co/zaF7UKtR2V",-1
@ReceitaFederal Porque vocês fizeram meu cpf ficar suspenso? Agora nem consigo solicitar o auxilio emergencial com o mesmo regularizado.,-1
@ReceitaFederal mandei um email sobre revisao de valores sobre uma encomenda q recebi e ate hoje nao obtive resposta......,-1
@ReceitaFederal Porque o esocial nao envia direto a dirf ja que disponibiliza o i forme? Nao entendo.,-1
@ReceitaFederal eu entrego em tuas mãos essa gay safada https://t.co/smQfcDl69V,-1
@ReceitaFederal libera logo meu pacote bando de desgraça,-1
@ReceitaFederal Receita Federal mais uma piada brasileira. Muito boazinha com a classe política e milionários e MUITO RIGOROSA com a classe média brasileira.,-1
"@ReceitaFederal Até o Simples Nacional, que de simples não tem mais nada, já tá começando a dar dor de cabeça ao empreendedor. Acho que vou voltar a ser contribuinte como pessoa física no próximo ano é menos burocrático.",-1
"@ReceitaFederal @policiafederal realizam os desejos do governo miliciano ou são demitidos...

- já pensaram em reagir?
- ou estão satisfeitos em participar? https://t.co/QWQbPPK8KQ",-1
Falta de pgto ? RT @PortalRFB Serviço de atendimento telefônico personalizado   da RFB-RECEITAFONE 146 será suspenso temporariamente:,-1
"@ReceitaFederal CP012896749ID

PRIMEIRO, OBJETO INTERNACIONAL É TAXADO. EU RESOLVO PEDIR REAVALIAÇÃO DA COBRANÇA, E O RESULTADO NO SITE APARECE:
Importação Não Autorizada - Objeto sujeito à devolução

CINCO MESES ESPERANDO!!!",-1
"@ReceitaFederal me inclua na mesma queixa do Ministro @gilmarmendes @STF_oficial . Vocês vivem me colocando na malha fina, chamando pra explicar gastos com médico, recebimento de indenização trabalhista, etc. Assim não dá! Tbem sou gente igual ao Ministro. Ou será que não?🤔 https://t.co/nKpltvBwLZ",-1
"@ReceitaFederal 
 @AecioNeves  não tem que apresentar de pagamento de honorários advocatícios no valor de 2.000.000,00 assim como comprovação do respectivo pagamento do IRRFonte❓ https://t.co/3QW6n2YWbM",-1
"@ReceitaFederal Não estou conseguindo enviar, problemas no ReceitaNet?",-1
"@ReceitaFederal Até quando essa sofrencia?! Desde 13/01/2020, no E-cac não funciona o setor de Certidões, não temos como cumprir prazos. Meu Deus, que vergonha!!!!@jairbolsonaro",-1
@ReceitaFederal O site está muito lento! Para consultar uma DBE está demorando uma eternidade desde semana passada!,-1
"@ReceitaFederal quem fala sítio em 2018, perigoso as pessoas nem entender.",-1
"@ReceitaFederal O que é preciso para conseguir um esclarecimento deste órgão sobre o IRPF? Já refiz minha declaração, criei um e-processo com toda a documentação comprobatória, fui na Receita e só me pedem pra esperar! #contribuintesoselasca",-1
@ReceitaFederal só é leão contra o povo? https://t.co/Hc2aRss8nP,-1
@ReceitaFederal  será q ele faz uns imbróglios nas declarações e passa batido? https://t.co/RJAeOClrbc,-1
"@ReceitaFederal @jairbolsonaro a Receita está adiando tudo, a fiscalização, os @CorreiosBR, eu precisando dos remédios, e vocês brincando de governar esta bosta. Cade Presidente? Você falava que iria dar paulada em VAGABUNDO, tem que começar pelos FUNCIONÁRIOS PÚBLICOS que é o Câncer do Brasil!!",-1
@ReceitaFederal Site bastante instável...,-1
@ReceitaFederal @MPF_PGR Por qual razão @PastorMalafaia Faz pouco caso da justiça e fica impune? #LavaJato Até quando? #MalafaiaNaCadeia https://t.co/WUKzHnHn4C,-1
"@ReceitaFederal preciso de ajudaaaa!!!
Minha declaração consta com pendência de malha....mas não informa o que houve!!
Preciso realizar o agendamento, mas não sei qual opção devo escolher para gerar a senha!!!!
Me ajuda",-1
"@ReceitaFederal A RECEITA FEDERAL NÃO PARA....DE FAZER MERDA!

CP012896749ID

PRIMEIRO, OBJETO INTERNACIONAL É TAXADO. EU RESOLVO PEDIR REAVALIAÇÃO DA COBRANÇA, E O RESULTADO NO SITE APARECE:
Importação Não Autorizada - Objeto sujeito à devolução

QUATRO MESES ESPERANDO!!!",-1
"@ReceitaFederal @ReceitaFederal1 e aí???? Cometeram o erro de não debitarem meu parcelamento na minha conta , e negativaram meu nome? Mas não fuçam tudo!!! Vejam aí o quanto trabalho e estudo ! E quantas vezes irei precisar de ir na unidade da receita de @NovaIguacuNet",-1
"@ReceitaFederal de Parnaíba-PI: o único lugar no Brasil onde a ficha é marcada pelo sistema, on-line, para as 14:00h, mas o atendente na agência manda dizer que o responsável pelo atendimento só chega às 14:30. Êh, Brazíu!",-1
@ReceitaFederal VERGONHA VERGONHA VERGONHA VERGONHA VERGONHA VERGONHA. INSTITUIÇÃO PODRE,-1
"@ReceitaFederal Tá bom! Vão enganar outro, nunca vi tanto dinheiro sair do país.",-1
@ReceitaFederal Antivirus da Norton diz que programa IRPF14win32v1.0exe não é seguro e o deleta.,-1
@ReceitaFederal @MinEconomia E quanto aos bilhões em fraudes na área de saúde dos estados por parte de governadores e prefeitos. 🤔 Será que terão o mesmo emprenho?,-1
"@ReceitaFederal bom dia, fiz o pagamento do ipva no dia 27 e ainda consta valor em aberto... Demora muito? 🙄",-1
@ReceitaFederal Mais crimes sem vítima sendo punidos... é crime o cara se suicidar porque daí vocês não tem de quem sugar o sangue né? Parasitas de merda,-1
@ReceitaFederal Impostos pra ps5 tão um pouquinho grandes demais não?,-1
@ReceitaFederal Tem que prender os políticos que estão por trás disso!,-1
@ReceitaFederal Esta fora os servidores da Receita????,-1
@ReceitaFederal TAXA LOGO MINHA PAT MAGRETI 6 E 7 JESUS AMADO PRA EU PAGAR ESSA FACADA E ELAS CHEGAREM ANTES DO ANO NOVO NÃO É POSSÍVEL,-1
"@ReceitaFederal vai eu atrasar a declaração de IRPF..
Enquanto isso estamos a 180 dias esperando alguém pegar isso para finalizar essa solicitação que já tem 5 anos em espera.. https://t.co/azvf2hy6KS",-1
@ReceitaFederal Porque certas empresas não emitem Nota Fiscal caracterizando sonegação como a tal de Global Master cediada em Cotia-SP ?,-1
"@ReceitaFederal Quero saber como está a questão dos Aduaneiros estão em greve ? Porque está prejudicando milhares de brasileiros que compra alguma coisa lá fora e não está sendo liberado, por orgulho pensam neles e acaba prejudicando todo mundo !",-1
@ReceitaFederal  Libera minha encomenda pros @CorreiosBR Entregarem logo pelo amor de Deus,-1
"@ReceitaFederal Desmoralizada e desacreditada.

Ago/2019: Moraes suspendeu investigação da RF contra ministros do @STF_oficial. No entendimento do ministro, há graves indícios de ilegalidades na investigação e direcionamento das apurações em andamento.
https://t.co/TC2XbqECdv",-1
"@ReceitaFederal Por isso é bem melhor ficar na informalidade, há inúmeras vantagens em ficar na informalidade, pq só parlamentares tem regalias e isenções.",-1
"@ReceitaFederal CP012896749ID

PRIMEIRO, OBJETO INTERNACIONAL É TAXADO. EU RESOLVO PEDIR REAVALIAÇÃO DA COBRANÇA, E O RESULTADO NO SITE APARECE:

Importação Não Autorizada - Objeto sujeito à devolução

SETE MESES ESPERANDO E CONTANDO!",-1
@ReceitaFederal Parabéns! Maaaas isso (35kg) é consumido a cada minuto no Brasil! Estão 'tapando o sol com peneira' !,-1
"@ReceitaFederal blz, tabela INSS pronta. Mas ainda não vi nada sobre a do IRRF. Nem uma MPzinha, nada. Ter 2 tabela no ano é osso.",-1
@PortalRFB bom dia borque no ta abrindo a pagina da receita da noto fiscal,-1
"@ReceitaFederal @MinEconomia - Por qual motivo os videogames possuem 40% de alíquota de IPI? Já existem estudos comprovando que há uma maneira eficiente de reduzi-los e causar um impacto efetivamente positivo no mercado brasileiro de games.

#PS5eXboxMaisBaratos",-1
@ReceitaFederal Olá! Poderia liberar minha encomenda da China? É só um blazer e fazem dias que está retido. Obrigado.,-1
@ReceitaFederal nao consigo gerar o termo d intimação e atendimento! A tela pisca e nada! Já estou com meu agendamento feito e agora?,-1
"@ReceitaFederal declararado não é pago, veremos quanto dos 50 bi entrará nos cofres.",-1
"@ReceitaFederal vocês podem atender as ligações já,  eu deixo.",-1
"@ReceitaFederal votem o povo pra trabalhar na fiscalização aduaneira.
Faz 1 mês que o produto chegou no país e vcs não tiveram a coragem nem de abrir pra verificar o produto e cobrar as taxas.
Preciso do meu produto aqui.
Que coisa feia essa falta de atitude de vcs.",-1
"@ReceitaFederal O que justifica o e_defesa estar fora do ar há 3 dias? É um absurdo impedir que se possa imprimir a capa de processo e não aceitar o protocolo mesmo sabendo da indisponibilidade. Tudo para dificultar o contribuinte a ter seu direto de contestar.
#Vergonha",-1
"@ReceitaFederal Absurdo como lidam com os pagamentos, queremos pagar esses impostos sim, mas pelo menos tentem ajudar nisso, o DARF e outros documentos de vcs, nem código de barra tem, pelo amor de Deus , ajudem a população com seus impostos, ou talvez seja esse o objetivo para gerar juros.",-1
"@ReceitaFederal e o site é completamente inacessível com leitores de tela. Sem mencionar o áudio do captcha, que é horrível.",-1
@ReceitaFederal acabei de deletar mum destes emails.,-1
@ReceitaFederal fiquei desde 23:45 tentando enviar e ficou dando erro no envio das declarações como procedo ?,-1
"@ReceitaFederal Do que vale para o povo brasileiro. Comprei um item na #china $100,00 e fui tributado. Mesmo c a lei que isenta tributo até esse valor",-1
"@ReceitaFederal AS CONCESSIONÁRIAS DE PEDÁGIO DEVERIAM EMITIR CUPOM  FISCAL NO ATO DO PAGAMENTO,EVITANDO A SONEGAÇÃO FISCAL QUE TODOS SABEM QUE EXISTE. VERGONHOSO
SERÁ QUE ALGUÉM ESTÁ LEVANDO GRANA NESSA MUTRETA ? https://t.co/oHvyvxq2po",-1
"@ReceitaFederal abaixa o preço do console nao da para importa porque 
O brasil não incentiva ta 5 salarios minimos.",-1
@ReceitaFederal passou da hora da Receita investir em tecnologia pra q a pessoa não tenha q ir pessoalmente pegar 1 mísero número de recibo,-1
@ReceitaFederal E-Social NAO funciona pra gerar guia. Servidor Indisponível! ai Receita aciona logo a contigencia https://t.co/kqPpmrtyM0,-1
@ReceitaFederal Vem da China? Tem q testar antes para não contaminar o povo,-1
@ReceitaFederal O programa não reconhece a declaração do ano passado.,-1
"@ReceitaFederal R$180 milhões?
Isso é para amadores !
Vá ver o quanto o #dorialixo esta levando daqui de São Paulo!",-1
"@PortalRFB ... que vocês estão segurando há 16 dias úteis. Dá pra liberar, aí?",-1
ladrões da @ReceitaFederal roubando comerciantes,-1
@ReceitaFederal NINGUÉM CONSEGUE EMITIR OS TERMOS DE ATENDIMENTO E INTIMAÇÃO PARA AS ANTECIPAÇÕES DA MALHA FINA Q ESTÃO AGENDADAS! E AGORA??,-1
"@ReceitaFederal sacanagem não ter correção nos lotes de maio e junho pra quem entregou no prazo inicial.
Não existe almoço grátis, alguém paga a conta @MinEconomia .",-1
"@ReceitaFederal @MinEconomia @jairbolsonaro Presidente, boa tarde! O que está acontecendo com os sistemas da RFB? Tenho um cliente precisando desesperadamente de uma CND Federal para receber um valor relativo a prestação de serviço mas o sistema está com problemas desde 12/01",-1
@ReceitaFederal não estou conseguindo agendar atendimento no site da Receita.  Algum problema técnico?,-1
@PortalRFB VERGONHA os serviços de vcs! Mais de uma hora esperando pra tirar o num. do recibo do ir11. Pq não fazer pela internet?,-1
@PortalRFB @BlogOlhoNaMira @caixazero @gazetadopovo O Vereador Salamuni do PV pode baixar o valor da sala q era de R$ 100 mil p R$ 30 mil?,-1
"@ReceitaFederal O site da Receita é péssimo!Dois dias para conseguir o número do recibo do IR2020. Não tenho Código de Acesso e não consigo falar em nenhum dos (supostos) canais  não há data para agendamento em nenhum dos locais de atendimento. Se nervoso matasse, estaria morta!",-1
"@ReceitaFederal Pau no cu da receita, vem tomar meu Bitcoin gravado no cérebro.

Vem tranquilo.",-1
"@ReceitaFederal tudo voltado a ricos, as leis são só para os ricos",-1
@PortalRFB : A falta de transparência da Receita http://t.co/3o59tDjglY,-1
"@ReceitaFederal vai ficar com minha placa mãe pra sempre ou vai me mandar? 1 mês quase, ta loco",-1
"@PortalRFB seria otimo se o receitafone 146 funcionasse, não ??? existe outra forma de contato por telefone ? obrigado",-1
@ReceitaFederal ESSA VERGONHA VAI PARA AS COSTAS DOS AGENTES DE CURITIBA QUE ESTÃO TAXANDO MEDICAMENTOS DE VALORES MENORES QUE $100 dólares. PAREM DE SE SUJEITAR A ORDENS DE POLITICO QUE QUER PARECER O SALVADOR DA PATRIA. VOLTEM A FAZER O TRABALHO CORRETO QUE VOCÊS SEMPRE FIZERAM.,-1
"@ReceitaFederal estou tentando enviar minha declaração via net,e não esta aceitando o digito verificador da conta para deposito (erro 19)",-1
@ReceitaFederal Contrabando Planejado com experiência ministerial!,-1
"@ReceitaFederal  ,   Invés de Bloquear meu CNPJ . Cobrem do @Bradesco que não me permite acessar o eCAC . https://t.co/Pt7pWyCbFs",-1
"@ReceitaFederal Vocês sabem converter moedas de outros países p/dólar de dólar p/real? 
Como explicam esse valor de tributos em cima de um produto que custou menos de 7 dólares?  Sim , 600 yen não equivale 600 dólares e sim menos de 7 dólares. Se isso não for ma intenção, qual nome se dá? https://t.co/jkf9G9JCTs",-1
"@ReceitaFederal anuncia q vai suspender os bens de + de 500 mil Empresas e P. Jurídicas em todo o Brasil. MAS POLÍTICO PODE ROUBAR, NÉ?",-1
@ReceitaFederal 8:05hs e o sistema está dando erro no Receitanet para transmissao da declaraçao.,-1
@PortalRFB Estejam certos que muitos aduaneiros pelo Brasil pensam o mesmo que eu dessa taxa absurda,-1
"@receitafederal O imposto devido de Neymar, de 200 millhões, vocês liberam, mas o de um pequeno empresario que luta pra não fechar a empresa vocês cobram, as vezes penso será que TODOS SÃO IGUAL PERANTE A LEI ?",-1
"@ReceitaFederal Parabéns! Agora precisa focar em grandes negócios e não ficar taxando compras de vr. inferior a US$ 50,00.",-1
"@ReceitaFederal Q bom q tem #facilidade em alguns aspectos. Nos últimos 2 meses tenho tido apenas #dificuldade com a Receita Federal aguardando à liberação de um presente pra minha mãe doente. Encomenda presa nos correios 

CH110017595US 

Documento Vinculado

36755974749

@CorreiosBR",-1
@ReceitaFederal Porque vocês são vagabundos...não trabalham...não fiscalizam nada. ´?E muito mais fácil lançar mão do dinheiro do aposentado,-1
Parabéns @PortalRFB pelo novo site. Só falta um pouco de humildade p/ reconhecer q ficou uma porcaria e q a 4 dias ninguém acessa. Ridículo!,-1
@ReceitaFederal puta demora pra revisão de tributo em?,-1
@ReceitaFederal como faço para receber meu lembrete de senha na pagina da receita? Já solicitei umas 20 vezes e nada desde o mês retrasado.,-1
@ReceitaFederal a @veramagalhaes está sonegando impostos é isso? https://t.co/1Ml78wpaVv,-1
"@ReceitaFederal @avozdobrasil Este governo golpista não é seguro, cuidado cidadã.",-1
@ReceitaFederal site bugado?,-1
@ReceitaFederal o parcelamento será adiado? Tentei fazer agora a noite e estava fora do ar🤔 https://t.co/mpG8Ush0w5,-1
"@ReceitaFederal 90 dias ainda não preparou a distribuição, e restituição nada!",-1
"@ReceitaFederal Que pena. Que desperdício de dinheiro público com uma atividade que nunca irá acabar, e por uma ação que não é violenta.",-1
@ReceitaFederal o acesso ao e-CAC está não seguro para todos os navegadores. Até quando isso vai persistir? Já está assim há uns 15 dias.,-1
@ReceitaFederal Cansada de esperar que os homens sejam justos 😔,-1
"@ReceitaFederal @ReceitaFederal ei receita federal recebi esse e-mail como spam, que tenho uma dívida de 23.000 reias de multa por movimentação de criptomoeda, mais eu sei oque é isso e nunca utilizei. Queria saber se esse e-mail é de vocês ou é enganação pra roubar dados. https://t.co/SK0JbNBHyn",-1
@ReceitaFederal DIMINUI ESSES IMPOSTOS NOS VÍDEOS GAMES. ONDE JÁ SE VIU UM VÍDEO GAME CUSTAR MAIS CARO QUE UM REVÓLVER???? #PS5eXboxMaisBaratos,-1
"@ReceitaFederal Preciso gerar um código de acesso, mas o captch está com defeito. Vcs já sabem desse problema? Tem alguma previsão?",-1
"@ReceitaFederal Eu sinceramente perdi a esperança no Brasil. Um produto vindo do exterior ser taxado em 102% é uma das maiores falta de respeito que já passei por aqui. O nosso país sempre vai ser a mesma m#%¶@, ninguém vai mudar isso.",-1
@PortalRFB nao estou conseguindo enviar minha declaração!!!,-1
"@PortalRFB Alguns aplicativos da Receita só rodam com Java 6.14, mas vulnerabilidades até p/ o 7.6 ainda saem. Hora de atualizar, neh não?",-1
@PortalRFB olha como tá o sistema do #DASN pra nós meros usuários! Não tem problemas? http://t.co/hw2eb5JO,-1
@ReceitaFederal não tá funcionando a parte do site da receita federal que gera o DBE - acesso direto ou com senha específico,-1
"@ReceitaFederal eu te odeio com todas as minhas forças, bando de incompetente 🤬",-1
"@ReceitaFederal vai começar de novo o site não funcionar? Gente é impressionante...até quando?
ERR_CONNECTION_REFUSED",-1
@ReceitaFederal A Receita sempre atrapalhando a vida dos brasileiros. O órgão mais inoperante do país. Não há uma só boa notícia da RF.,-1
"@ReceitaFederal @FelipeBibliotec @Estadao @itau Rapaz, a receita achando q está combatendo sonegação do Brasil. Vamos trabalhar gente, o povo sonegando a culhão e a Receita tirando onda!",-1
"@ReceitaFederal é uma palhaçada, ano passado fiz uma compra de 33 dólares e não fui taxado, e agora fiz uma de 31 e fui taxado, detalhe na mesma loja, bem vindos ao Brasil",-1
"@ReceitaFederal Que legal agora vamos ter melhores escolas,hospital,estrada,saneamento básico,segurança, meio ambiente preservado só que não esse dinheiro vai para bancar o salário do STF e mordomias dos político e o povo fica com as migalhas como foi com Tiradentes na prisão",-1
"@ReceitaFederal pq o e-cac que é horrível o ano inteiro fica pior ainda no mês de janeiro, que é o prazo para reenquadramento no simples?",-1
@ReceitaFederal Como serei ressarcido dessa cobrança indevida? Envio de remessa para fins educacionais não devem ser cobradas!,-1
@ReceitaFederal estou faz 1 hora esperando ser atendido no CAC Paulista e nada de chamar a senha com a sigla da minha...,-1
@ReceitaFederal deveria analisar se quem participou desde o início da organização de @lucianoayan como @josefucs também não sonegaram algum valor porque ninguém participa tão der perto de algo sem ter envolvimento financeiro  amor quer não é,-1
"@ReceitaFederal Qual origem da fortuna de Lula e filhos, Dilma e filha, e outros políicos? @letraslimitadas Isso é trabalho de vcs, certo?",-1
"@ReceitaFederal piada, só a Uruguaiana dá o triplo disso.Ali, na cara de todos, no centro do RJ.",-1
@ReceitaFederal @kompulsion Corrigindo: Estima-se que sejam ROUBADOS mais de R$ 500 milhões em produtos falsificados no país.,-1
@ReceitaFederal Para a concorrência ficar leal basta o governo parar de assaltar as pessoas coercitivamente através de impostos.,-1
@ReceitaFederal Imposto é roubo,-1
@ReceitaFederal sistema fora do ar desde a tarde... ridículo...,-1
"@ReceitaFederal @STF_oficial mantêm a premissa: No Brasil a Justiça é cega.

#QuadrilhaNoPoderPovoMiseravel https://t.co/hN15lLtUid",-1
@SRFB programa do imposto de Renda Pessoa Fisica para Linux com link quebrado ! #IRPF #fail,-1
@ReceitaFederal E CAC está fora do ar????,-1
@ReceitaFederal @MinEconomia Imposto é roubo.,-1
"@ReceitaFederal Gostaríamos de saber como e quando a Petrobras pagará aqueles R$ 7,5 bilhões que foram postergados para evitar impedimentos?",-1
"@ReceitaFederal Como realizar o preenchimento dos campos da Carta de Correção no emissor gratuito,manual disponivel no site não esta claro",-1
@ReceitaFederal @MinEconomia Vejam o cálculo simples de mortes por ano no mundo e tirem suas conclusões perfeitas obrigado https://t.co/4kHckDEb95,-1
"@PortalRFB , tô tentando fazer uma consulta de CNPJ através do site da receita federal, mas o site não está permitindo.",-1
"@ReceitaFederal  bom dia.. Gostaria de solucionar minhas pendências com os senhores,  normalizou o atendimento em algum posto do Rio  de Janeiro? Estou na malha fina devido uma clínica dentária não enviar meus dados. Complicado",-1
"@ReceitaFederal E cadê a orientação sobre o Benefício Emergencial?
Falaram que vão soltar nota e nada....",-1
@ReceitaFederal  mano vai toma no cu um dia vou exterminar esse antro imoral! anotem!,-1
@ReceitaFederal Esse governo é uma vergonha https://t.co/cvn1Nw5obV,-1
"@ReceitaFederal Olá boa tarde. Estou a mais de um mês tentando ligar para a receita federal sobre a localização de uma importação que eu fiz a recusa, mas a unidade de SP não devolve ao remetente e não consigo contato por nenhum outro meio de comunicação. Grato!",-1
"@ReceitaFederal @policiafederal @g1 @camaradeputados @Senador_Ataides @senadormoka @FernandoHoliday @thiagofc3079 , ESTELIONATO IDOSOS PERDENDO FORTUNAS LIGAÇÕES DE 500,00 https://t.co/i2xcH68BFk",-1
@ReceitaFederal recebi um PRESENTE pela FedEx e fui taxada indevidamente. Como faço para recorrer? O valor declarado era inferior a US$50,-1
@ReceitaFederal Esstou tentando enviar minha declaração de saída definitiva do país mas o servidor está fora do ar (https://t.co/l3zO4n4rXr),-1
@ReceitaFederal Minha amiga foi a única BR a ganhar o premio de kpop e não pode pegar pq foi taxada em R$800  por vc  e pelo @FedExBR,-1
"@receitafederal , ñ acha estranho Roberto Fernandes dispensar uma multa de R$ 500 mil reais do ABC? Ou foi feito acordo de R$ 240 mil?",-1
@ReceitaFederal ladrões. Por um imposto do triplo do valor que eu mexicano envie pra um amigo lá no Brasil é ruim demais. Eu foi quem comprou a mercadoria pra regalo e eu que paguei o envio pra nada. $150usd de imposto sobre o Jersey esportivo com valor de $50usd? Ladrões!,-1
"@ReceitaFederal agenda atendimento pra sexta feira, ai faz feriado e no cola na porta informação que está fechada. Pelo jeito era muito difícil avisar as pessoas agendadas. Quanta consideração com o público! Viva o servidor!!! BRASIL!",-1
"@ReceitaFederal grandes filhos da puta, não se pode fazer nada q eles tenta te foder, o clube passa a ter risco e dívidas, cretinos!
https://t.co/k8eM4vqG7t",-1
"@ReceitaFederal Tudo muito perigoso, hein? É de se ter vergonha de participar de uma operação assim, pelo gasto de dinheiro público pra uma ação inútil, e receber um salário para esse tipo de função. O que apreenderam? “Capa de celular” 🤣
https://t.co/2nt7fypobF https://t.co/QsQSleyciJ",-1
"@ReceitaFederal E a JBS? Os rombos nos cofres públicos? Na minha opinião você não fazem porra nenhuma, pagamos os impostos que é o salários de vocês!",-1
"@ReceitaFederal @FazendaGovBr SALÁRIO NÃO É RENDA. É SUBSISTÊNCIA E SÓ. RENDA SÃO CRIMES NO CARF, @petrobras E OUTROS ASSALTOS DA PETRALHA",-1
@ReceitaFederal Problemas com  o Atendimento-Malha Fiscal. Após informar todos os dados o sistema fica processando e não conclui a consulta.,-1
"@ReceitaFederal EMPRESA FUNCIONANDO IRREGULARMENTE, SEM DECLARAÇÃO DE RENDA, INADIMPLENTES, ESTA NA HORA DO LEAO AGIR DE ONDE VEM É PRA ONDE VAI ESTE DINHEIRO. https://t.co/pHJjfAUqXn",-1
@ReceitaFederal Bandidos,-1
@ReceitaFederal O site para consultar situação do CPF não funciona. Como faz?,-1
@ReceitaFederal não há da de $u$peito no enriquecimento recorde dos filhos do Lula ? https://t.co/eGVMvNoGp0,-1
"@ReceitaFederal, porque é tão difícil vocês fazerem o site de vocês funcionar corretamente em HTTPS?",-1
@ReceitaFederal a empresa que se negar a entregar o informe de rendimento ao empregado pode sofrer quais penalidades?,-1
"@ReceitaFederal Fiz um envio desde Espanha e foi taxado em mais de 700,00 reais! Que País é este! Revoltada!",-1
@ReceitaFederal Cadê vocês quando roubaram minha encomenda em Curitiba? 1 mês sem resposta nada funciona fala Br uma piada me respondam por favor,-1
@ReceitaFederal O que fizeram com o acesso para fazer uma simples alteração de uma empresa. Simplesmente pedem vários cadastros para entrar na rede sim e depois pede varias cadeias para instalação de certificação digital e no final nao funciona.Complicaram.,-1
"@PortalRFB  Para gerar novo cód e.cac, o meu vence em set. 2013, dá erro os recibos 2011 e 2012 ano calendário. Por que se desativa.autom?",-1
@PortalRFB Serviço indisponível temporariamente! http://t.co/r6rRm2w25L POR FAVOR PRECISAMOS DA CERTIDÃO CNPJ O SITE ESTA COM PROBLEMA,-1
@ReceitaFederal @FazendaGovBr SALÁRIO É RENDA? E A PODRIDÃO DO CARF? E  ASSALTOS À @petrobras @Eletrobras E @BNDES ?,-1
"@ReceitaFederal Minha grana humilde de Wall Street não vai parar um centavo no bolso de vocês, ladroes

#ISIS",-1
@ReceitaFederal Não precisa de autenticação e reconhecimento mas precisa apresentar original? Qual o benefício? A presunção de boa-fé foi pro balaio!,-1
@ReceitaFederal Problemas na transmissão da DEFIS.,-1
"@ReceitaFederal Estão roubando cada vez mais, parabéns ladrões, os batedores de carteira um dia aprendem com vocês.",-1
@ReceitaFederal meu sonho era conseguir fazer um agendamento presencial sem bugar o site. Ontem meu app tava funcionando trnaquilo pra tirar a declaração do imposto de renda.Fui tirar hoje e disse que não fiz minha declaração nesse aparelho... Se consegui ontem por que não consegui hoje?,-1
@ReceitaFederal #PS5eXboxMaisBaratos bora diminuir esse IPI por causa dessa p**** tive que comprar um PlayStation pirata por causa que eu não conseguia comprar quando era criança por que o imposto me obrigava comprar coisa pirata até hoje me obriga assim não dá para continuar,-1
@ReceitaFederal Alguém por favor avisa ao @Flamengo pra se livrar dessa droga!!!,-1
@ReceitaFederal mais uma sonegação para cobrar https://t.co/mcyAW7pOdc,-1
@ReceitaFederal Aonde estavam todos qdo os ladrões dos cofres públicos estavam operando??? https://t.co/kyoH1LLPSp,-1
"@ReceitaFederal @ReceitaFederal - Por qual motivo os videogames possuem 40% de alíquota de IPI? Já existem estudos comprovando que há uma maneira eficiente de reduzi-los e causar um impacto efetivamente positivo no mercado brasileiro de games.

#PS5eXboxMaisBaratos https://t.co/sG1al7cEK5",-1
"@ReceitaFederal Reclamação: desde o mês passado que o Banco Itaú se recusa a receber DARFs de quotas do IR2018 SEM o código de barras.
Contudo o programa dessa Receita Federal, mesmo clicando na opção que indica essa impressão com código de barras, só gera DARF sem o código.",-1
"@ReceitaFederal Denuncia cidadão sem condições de retirar o extrato para imposto de renda no INSS, dá erro do sistema. Como fazer o imposto sem a declaração por erro do governo?",-1
@PortalRFB  @geraldoalckmin_ Governador vem sustentar minha filha já que eu ñ posso trabalhar devido ao órgão público não terminar os papeis,-1
@ReceitaFederal darf com código 1734 referente parcelamento simplificado nao esta sendo aceito na rede bancária.  Ovque fazer?,-1
@ReceitaFederal Não está funcionando!,-1
@ReceitaFederal  vcs nunca vieram a publico explicar isso né ? https://t.co/3YMGKw1Gp7,-1
@ReceitaFederal Não consigo enviar minha declaração pq o programa fala que o DV da conta bancária é inválido! Mas é válido! O que faço?,-1
@ReceitaFederal Onde posso confirmar os dados cadastrais do meu CPF junto a receita Federal e atualizar se necessário?,0
"@PortalRFB Caros, não estamos conseguindo contato com a assessoria de imprensa da Receita. Mudou o teledone??",0
"@PortalRFB lança programa de autorregularização para o #SimplesNacional
http://t.co/m5AlnkgTHM",0
@ReceitaFederal Como baixar o app Importador?,0
@ReceitaFederal preciso de ajuda para transmitir minha declaração,0
"@ReceitaFederal @ReceitaFederal1 @MPF_PGR 
Qual a origem desse dinheiro????
É muuuitoooo dinheiro..... https://t.co/mGjtqQG2tU",0
@ReceitaFederal @MPF_PGR @JusticaGovBR @SF_Moro @GeneralMourao @gen_heleno @jairbolsonaro @minsaude @TeichNelson @CarlaZambelli38 @carlosjordy @TCUoficial ESTÃO TODOS AVISADOS!!! @policiafederal https://t.co/NrvNe4EsHq,0
@ReceitaFederal @Supervisora Está investigando ou lendo o UOL? Eles têm exclusividade no CASO,0
"@ReceitaFederal Bom dia o programa da DIRF 2017 não executa, o que devemos fazer? mais alguém com esse problema?",0
"@ReceitaFederal fui taxado em uma encomenda international menor que 50 dólares, qual o procedimento para solicitar reemboso?",0
"@ReceitaFederal Quero anexar, apensar ao processo 12448.726577/2016-41 os documentos do dossiê 13031.446115/2020-83. Quero comprovar a veracidade dos pagamentos feitos para tratamento fisioterápico que que usei para obter abatimento no IR de 2015/ ano 14",0
@ReceitaFederal Foi criada no regime militar,0
@PortalRFB Quem desenvolve os aplicativos? A RECEITA FEDERAL só diz o que necessita ou também DESENVOLVE a SOLUÇÃO TECNOLÓGICA? #RT,0
@ReceitaFederal Fiz o CPF pra minha sobrinha pelos Correios e eles e passaram site pra imprimir o CPF porém não consigo. Existe outra maneira de obter o CPF sem ser imprimindo no site de vocês?,0
@PortalRFB Quando estará disponivel nova tabela do IR?,0
@ReceitaFederal e as declarações?,0
"@ReceitaFederal 
Acho que é com vocês https://t.co/wJaP4K0y4t",0
"@ReceitaFederal IPI sobre eletrônicos no Brasil:

Computador: 15%
Celular: 15%
Videogame: 40%

Por que produtos tão parecidos têm uma taxa de IPI tão diferentes entre eles?

#PS5eXboxMaisBaratos",0
"@ReceitaFederal pode me dar uma mão para imprimir uma cnd, o processo eletronico foi concluido mas o site não emite",0
"@ReceitaFederal Todos somos iguais perante a Lei, façam o que deve ser feito nas contas do Lula e seus familiares, nem mais nem menos, aplique a Lei!!! https://t.co/wifiSk8Nn0",0
@ReceitaFederal A receita funcionará hoje ?,0
"@ReceitaFederal, @MinEconomia e @jairbolsonaro, estou aqui pedindo para apoiarem a Lei Pec 51/2017, nós até podemos pedir o de todos aqui para votar na Lei Pec 51, queremos uma redução dos impostos dos games e dos consoles, queremos ter uma igualdade no mercado de games, #Pec51.",0
@ReceitaFederal eu quero meu moletom,0
@ReceitaFederal #AbaixeImpostoGamer https://t.co/AfuEb1jdTa,0
"@ReceitaFederal No caso de FGTS em rendimentos n tributáveis há uma solicitação de CNPJ, de qual empresa devo lançar, a q me demitiu ou CEF?",0
@ReceitaFederal tenho q declarar ganhos do Poker ?,0
@PortalRFB-FatoAP J.Barbosa:interessa nessa estória:(1) Foi fechado contrato compra dólares?(2)Declarou a Receita Federal?Quando/Quanto?,0
"@ReceitaFederal minha esposa comprou produto da china por 32 dolares e mesmo assim a encomenda sofreu taxação, até 50 dolares não é isento ?",0
@ReceitaFederal tem algum número que a gente possa entrar em contato sobre problemas na hora do cadastro do auxílio assistencial por conta dos dados?,0
"@ReceitaFederal aliás, isenta tablet pra uso próprio também",0
"@ReceitaFederal Com a palavra, a Receita Federal. #BrasilSemForo https://t.co/UiHtEE3Bz0",0
"@ReceitaFederal o debito de INSS receita bruta código 2991, no pedido de parcelamento é debito previdenciario ou demais debitos ?",0
"@PortalRFB qual o prazo para liberação de encomendas vindo dos EUA, com compra em abril??",0
"@ReceitaFederal Após informar os dados bancários para restituir o valor, exibiu mensagem em anexo. Poderia ajudar. https://t.co/u55U1lq5Mu",0
@ReceitaFederal Teremos a correção da tabela progressiva irrf ?,0
@ReceitaFederal poderia informar como aposentado q vive no exterior faz p restituir os 25% tomados  do nosso beneficio,0
@ReceitaFederal sou da Prefeitura de Embu e preciso de suporte téc. para Sisobra-Pref-Sistema de Gerenciamento de Obras (Mód Pref),0
"@ReceitaFederal oi...queria saber sobre meu CPF,olho no site e fala q está regular,quando vou no aplicativo fazer a conta digital da caixa fala q está irregular na receita...agora como faço?",0
@PortalRFB não recebi as restituições de 2011 e 2012 o que houve e o que faço pra receber...,0
@PortalRFB tem dica do calculo de ded. de IR no pgto de beneficio prev. utilizando tab. regressiva - pelo peps (cd) e prazo ponderado (cv)?,0
"@ReceitaFederal @MinEconomia Simplificação dos normativos e melhoria do fluxo de crédito tributário, algumas novidades nas áreas?",0
@ReceitaFederal Isso precisa ser mudado.,0
@ReceitaFederal Responde Temer?? https://t.co/sw118YU4JX,0
@ReceitaFederal Não tô conseguindo instalar o programa no Mac. Como proceder?,0
"@ReceitaFederal #PS5eXboxMaisBaratos 
Por favor, vídeo games mais baratos!!!!",0
@ReceitaFederal @MinEconomia Quantas empresas foram abertas neste período?,0
@ReceitaFederal quantos litros de bebida alcoolica é permitido levar na bagagem despachada para a Alemanha?,0
@ReceitaFederal  Bom dia!,0
"@ReceitaFederal  Ato Declaratório nº 5, modificou o item 40  - dinheiro não declarado no exterior e, há pouco mais de 2 anos, aderiram  Regime Especial de Regularização Cambial e Tributária (RERCT) poderão ser intimados a comprovar, a origem de tais recursos.",0
@PortalRFB - A pessoa Juridica ou equiparada que prestou serviços médicos somente para pessoa Jurídica está dispensada da DMED ?,0
@ReceitaFederal Não existe uma forma de recuperar o número do recibo de comunicado de saída definitiva do país?,0
"@ReceitaFederal Como faço pra conseguir uma DECLARAÇÃO DE INATIVIDADE,  para poder receber o seguro desemprego??? Por favor alguém me ajude",0
"@ReceitaFederal @policiafederal Bom dia, preciso e muito de retirar minha Declaraçao Original de entrega do IR, pois quando entreguei retifiquei e so consigo imprimir a retificada. Preciso mto da Original, como faço pfvr.",0
@ReceitaFederal ta Hospital depois,0
@ReceitaFederal Como fazer o cadastro digital sem ter o número dos recibos do imposto de renda?,0
@ReceitaFederal o prazo de entrega não vai ser adiado? nós dos escritórios contábeis estamos com medo de receber nossos clientes...,0
"@ReceitaFederal Diga-me quem és, eu eu lhe direi quem és! https://t.co/iTSpWShkmF",0
"@ReceitaFederal o balanço do meu coração está com divergência. Isso é crime fiscal??
Porque se for. Não sei como reverter.",0
"@ReceitaFederal E a Pec 51/2017? 
#PS5eXboxMaisBaratos",0
@ReceitaFederal Bom dia! Meu CNPJ foi cancelado em 2018. Como posso saber se tem alguma dívida ativa por favor? E eu posso o reativar se houver e eu pagar? Obrigado!,0
@ReceitaFederal Estou com um boleto da Receita. Onde posso pagar? Casa lotérica recebe?,0
@ReceitaFederal redução dos impostos nós games,0
"@ReceitaFederal tinha uma restituição do ano passado para receber e foi bloqueada pois tenho uma dívida da receita que estou pagando em dia... Fui até o atendimento e disseram que tinha que aguardar chegar uma carta para optar em abater na dívida ou receber, até agora.. continua",0
@ReceitaFederal não quer entrar nessa onda e dar dinheiro também igual o GTA? Kkkkkkk https://t.co/FPHgnAeS2N,0
"@PortalRFB vou vijar pro exterior e vou levar 2 notebook, como faço pra não ter problemas quando retornar?",0
@ReceitaFederal quando insiro o CPF de meu pai para o auxílio aparece a mensagem dos dados não confere com os da receita. Consigo arrumar pela net? https://t.co/8eS4LOAdGm,0
"@ReceitaFederal Bom dia!  Por gentileza preciso de uma orientação!
Recebi minha restituição com um valor menor e não estou achando opção para agendamento no site da Receita, qual a opção para a agendar? cobrança e fiscalização ou pagamento e parcelamento.  
Obrigado.",0
"@ReceitaFederal e @policiafederal fiquem de olho.
#STFVergonhaNacional https://t.co/zK9qvTmhBh",0
@ReceitaFederal Tentei s/ sucesso contato pelo 146. Como faço para criar um Código de Acesso sem o recibo da declaração de 2014? Obg.,0
"@ReceitaFederal Abaixa os impostos sobre os video games, e aprova a PEC 51.",0
@ReceitaFederal @ReceitaFederal Será feita a renovação com o prazo prorrogado? Será feita a emissão de 2 via com o novo prazo? Como funcionará?,0
@ReceitaFederal Não existe programa do Carnê Leão para MacBook?,0
@ReceitaFederal @FazendaGovBr Igual a dada a JBF?,0
@ReceitaFederal recebi por SMS aviso de horário para atendimento presencial no CAC Curitiba mas não consigo cancelar sem a senha do agendamento pois eu não agendei para amanhã 24/3 15:02,0
@ReceitaFederal Bom dia. A RFB recomenda ao contribuinte não vir ao CAC PAULISTA? Os terceirizados informaram q há problema no sistema.,0
"@ReceitaFederal boa tarde, como posso ter informação de produto que foi tributado?",0
@ReceitaFederal Essa situação precisa ser esclarecida ! https://t.co/6DIuTx8T1J,0
"@ReceitaFederal por favor, quando colocarão aplicativo de IRPF 2018 na loja Apple? Até o momento só tem 2016/2017",0
"@ReceitaFederal Me chamo ELAINE BORGES GOMES SILVA, CPF - 649.306.453-87.
Já tive uma Empresa em sociedade com um irmão.
O nome da Empresa era DRAGO PREVIDÊNCIA.
Gostaria de saber a situação dela e o número do CNPJ.
ATT. ELAINE BORGES GOMES SILVA",0
@ReceitaFederal Vcs têm de fazer a sua parte pra colaborar nesse momento tão grave e adiar a entrega da Declaração uns 3 meses pelo menos.,0
@ReceitaFederal Provem,0
"@PortalRFB Minha mãe tem 87 anos e è totalmente dependente, é permitido comprar equipamento de home care no exterior",0
"@ReceitaFederal Vocês poderiam facilitar o código de acesso ou o número da declaração do ano passado sem ter a necessidade de ir até a receita.
Precisamos ficar em quarentena, mas pra conseguir essas informações a gente precisa ir até a receita. Por favor pensem em uma outra solução.",0
@ReceitaFederal Algumas sugestões para o programa do IRPF: 1) ordenar por qualquer coluna  2) modo escuro  3) fazer um trim nos campos de valor no lugar de apagar a entrada com espaços.,0
@MarcoTicoNunes “@ReceitaFederal:Tb será possível consultar a NCM p código e conhecer alíquotas aplicáveis e tratamento adm .#appimportador”,0
@ReceitaFederal Boa tarde como faço para fazer agendamento na receita de campinas,0
@ReceitaFederal onde posso relatar um problema no programa IRPF 2021 ?,0
@ReceitaFederal eu consigo pegar o arquivo da declaração do ano passado em algum lugar para usar nesse ano?,0
"@ReceitaFederal 
Oi boa tarde eestou tentando ligar para a unidade aqui de Belém e não consigo. Gostaria de saber qual o horário de funcionamento na sexta dia 06/07 (jogo do Brasil )pois tenho um agendamento as 11:00.",0
"@ReceitaFederal Vamos dar uma atenção paras os gamers?
#AbaixeImpostoGamer",0
@ReceitaFederal Ajustem suas tabelas de tributação de celulares importados pelos Correios. Nem tds são 100 dólares. Alguns são + baratos.,0
@ReceitaFederal Não existe almoço grátis.,0
"@ReceitaFederal Bom dia! Gostaria de saber por qual motivo o DAS referente ao período 02/2020 está saindo com vencimento para o dia 23/03. Na sexta 06/03 emiti alguns, porém saíram com o vencimento correto(20/03)...",0
@ReceitaFederal gostaria de uma resposta!,0
@ReceitaFederal abre o olho https://t.co/bba1DBi3MK,0
@ReceitaFederal E aduaneira volta a trabalhar quando ?,0
@ReceitaFederal o atendente disse que o prazo de inscrição de imóvel rural é de 30 dias e no site da receita está escrito 5 dias. Como proceder? Como processar?,0
@ReceitaFederal @ReceitaFederal o calendario de restituição sofrerá mudanças?,0
@ReceitaFederal Minha empresa não informou o IR sobre o 13º. Já enviei minha DIRPF. Terei que mandar a retificadora informando IR sobre 13º?,0
@ReceitaFederal  aguardamos a resposta https://t.co/ZDrOH9JQEy,0
@PortalRFB Siga-nos no twitter https://t.co/VJEhgMuz,0
@ReceitaFederal @MinCidadania Boa tarde é verdade que quem está com o nome com irregularidades não receberá o auxílio,0
@ReceitaFederal Quem está desempregado precisa declarar ?,0
"@ReceitaFederal gostaria de saber se existe a possibilidade de adesão parcial, ou seja, da parte do débito q entendo devido em uma autuação.",0
@ReceitaFederal qual o parecer sobre as obrigações acessórias? Haverá prorrogação dos prazos?,0
@PortalRFB há previsão para voltarem a funcionar?,0
"@ReceitaFederal Por que a RF não cria uma plataforma,  onde empresas possam aderir, e vender seu produto em território brasileiro,  entregando aqui, já com imposto calculado qdo for o caso, dentro de acordos comerciais? Pode ser uma via para exportação também.",0
@ReceitaFederal me esclareça uma dúvida: Cooperativas Agropecuárias são obrigadas a emitir informe de rendimentos para os funcionários?,0
@ReceitaFederal qual o email de contato? Não encontrei no site e preciso de esclarecimentos sobre o IR. Obrigada,0
"@ReceitaFederal se uma pessoa que só tem a renda de uma aposentadoria mais uma pensão deve declarar o imposto de renda ? cada benefício não ultrapassa 28 mil mas se juntar os 2 benefícios sim ultrapassará, não tem nada retido na fonte",0
@PortalRFB Quem desenvolve os aplicativos? A RECEITA FEDERAL só diz o que necessita ou também DESENVOLVE a SOLUÇÃO TECNOLÓGICA? #RT,0
@ReceitaFederal Como posso fazer denúncia sobre empresa sonegadora de tributos ?,0
@ReceitaFederal Quais são os prejuízos específicos a que se refere?,0
"@ReceitaFederal como é que imprime o DARF aqui, me ajuda",0
@ReceitaFederal Candidato virou pessoa jurídica ?,0
"@ReceitaFederal Boa noite! Gostaria de saber como faço para recuperar meu número de recibo 2019.
Pois perdi o aparelho que preenchi o IPRF 2019.
Tendo em vista o funcionamento das agência em situação do covid-19.",0
@ReceitaFederal Qual o telefone do posto de atendimento do Tatuapé - SP?,0
"@ReceitaFederal @ReceitaFederal , uma duvida! Me organizei pra enviar minha restituição no primeiro dia, assim o fiz. Depois de alguns meses, mesmo já na fila pra restituir, o meu empregador atualizou o informe de rendimentos!Eu tive que retificar e já estou na fila. Eu entro onde na fila?",0
@ReceitaFederal fiz uma compra int no valor de U$ 95 (produto+frete). Fui taxado com o valor total da compra. Isso está correto? Obrigado,0
@ReceitaFederal é estranho mesmo! Pode explicar? https://t.co/aVFecZPWDu,0
"@ReceitaFederal Alguns supermercados atacadista solicita o cpf na hora de pagar as compras. Esses valores podem, devem ou não precisam ser lançados?",0
"@PortalRFB Seminário Soluções para moradia social no Brasil, presença do Vice-presidente da Caixa Econômica,participe:http://t.co/vWjbhVFK",0
"@ReceitaFederal tentando baixar o Programa IRPF 2016 no Firefox 45.0b10, OS X 10.11.3 https://t.co/aH7fLhLpV3",0
"@PortalRFB TE AMO MAIS QUE TUDO MEU AMOR pronto, me declarei pro imposto de renda bjs",1
@ReceitaFederal Bom dia! Parabéns a receita federal só assim essa rapaziada para de cheirar vidro moído com mármore e outras porcarias.,1
@PortalRFB Novo entendimento da Receita Federal permite perdão de multa administrativa aduaneira: http://migre.me/15pTw,1
@ReceitaFederal esclarece acerca da retenção na fonte do imposto e das contribuições sobre diversas atividades.  http://t.co/lgomWygF53,1
"@ReceitaFederal INVESTIGAR JÁ ATÉ A ÚLTIMA GOTA DA CANA.
@gilmarmendes  OLHA O LEÃO AÍ RUGINDO. https://t.co/uqssoJcbVx",1
"@ReceitaFederal @policiafederal 
 *Receita Federal apreende 670 kg de cocaína em carga de goiabada no Porto de Santos*

https://t.co/9TY3TFf3rK",1
@ReceitaFederal libera programa gerador da Declaração do #IRPF2014. http://t.co/PSB4WwkM0i,1
@ReceitaFederal 🙏🏽,1
"@ReceitaFederal declaro para os devidos fins meu imposto de renda, obrigada!",1
@ReceitaFederal Alunos PROUNI e FIES Gama Filho e UNIVERCIDADE entraram com ação coletiva junto à DPU contra MEC. PAJ 2014/016-00204,1
"@ReceitaFederal 
PARTE PRA CIMA DO #COVIDÃO! 
💥💥💥💥💥💥💥
💥💣💣💣💣💣💥
💥💣💲💲💲💣💥
💥💣💲🐀💲💣💥
💥💣💲💲💲💣💥
💥💣💣💣💣💣💥
💥💥💥💥💥💥💥
#Covid_19MIL 
https://t.co/nRekPt9MQt",1
"@PortalRFB já recebeu 2,6 milhões de declarações do #ImpostoDeRenda. http://t.co/wKvpqMMD #EqMF",1
@ReceitaFederal tomara que funcione agora.,1
@ReceitaFederal apresenta projetos aos presidentes do Sistema CFC/CRCs http://t.co/tYTR7tWqPF,1
@ReceitaFederal Queremos todos pagando o que devem.,1
@ReceitaFederal vai intimar 80 mil pessoas por fraudes no Imposto de Renda http://t.co/8GZNfB4GUW http://t.co/61ZpHWsvMf,1
"@ReceitaFederal @secomvc @carlosbolsonaro
POR TI MEU CB 2️⃣0️⃣2️⃣6️⃣ CARLOS BOLSONARO SUCESSÃO DA PRESIDÊNCIA PARA O ALTO AMOR ONDE PERTENCEMOS RUMO AO PRIMEIRO MUNDO 
#ProBrasilCrescer 
#VoltaCarlosBolsonaro
#AlincaPeloBrasil 
#consorcionordeste  #BoraFazeroBem 
#BrasilContraGilmarMendes",1
@ReceitaFederal deposita HOJE dinheiro do penúltimo lote das restituições do #Imposto de #Renda http://t.co/ZotaC5At2V,1
@ReceitaFederal 👏👏👏,1
"@ReceitaFederal já receberam mais de 3,7 milhões de declarações do #IRPF 2015 o prazo termina em 30/04 e são esperadas 27,5 milhões #Adm",1
@ReceitaFederal  libera consulta ao penúltimo lote de restituições do IR até a próxima semana http://t.co/oJixrh6byE http://t.co/iaaFeXRWhb,1
"@ReceitaFederal - Cigarro, por si, já faz mal à saúde. Contrabando então, duas vezes. Tem que marcar em cima mesmo...",1
"@ReceitaFederal 25% de IR retido do beneficio p aposentados q moram no exterior, pode ser restituido",1
@ReceitaFederal vamos LÁ Investiguem q tem q ser investigado #RenanContraLavaJato https://t.co/895KcVab1q,1
"@ReceitaFederal recebe declaração do Imposto de Renda a partir de hoje.

https://t.co/U2DYzTMCm0",1
@PortalRFB Como a Receita Federal poderia ajudar a reduzir o desmatamento? Análise aqui http://t.co/hkbqpXrG,1
"@ReceitaFederal abre na segunda-feira, 10 de junho, consulta ao primeiro lote de restituição do IRPF 2019, a partir das 9 horas https://t.co/i1LcZhPJdf https://t.co/IFbWL4O97L",1
@ReceitaFederal lança nova versão de #aplicativo para viajantes. Saiba mais: http://t.co/8VJvdNWx9R,1
@ReceitaFederal Doe para as escolas,1
"@ReceitaFederal QUESTÃO DE HONRA NÃO ENTREGAR DE MÃOS BEIJADAS PARA O STF. FOI TRABALHO DOS AUDITORES. NÃO É JUSTO NEM CONFIÁVEL. ENTREGUEM CÓPIAS. SE RESGUARDEM! DEUS LHES PROTEJAM.
#STFVerdadeiroTribunalDeExceção (DODGE) https://t.co/duf6v24Qsl",1
"@ReceitaFederal já recebeu mais de 3,7 milhões de declarações do Imposto de Renda 2015 http://t.co/mDGHSndZlk http://t.co/CvQ6vqwbD2",1
"@ReceitaFederal aumento de 80% no volume de drogas apreendidas, neste ano comparado ao mesmo período ano passado. Parabéns!!!",1
"@ReceitaFederal @MinEconomia MS derruba essa alegação. Subfaturamento não é motivo para perdimento. Pagasse o imposto com valor reajustado em 100%, e resolve o problema, conforme jurisprudência.",1
"@ReceitaFederal #PS5eXboxMaisBaratos Governo fiquem atentos, a indústria dos games é maior que a da música e cinema JUNTOS !! Um bom plano econômico que saiba aproveitar melhor esse crescimento dos consumidores de games geraria uma bela receita ao Brasil !!

https://t.co/Bh6rCJ1eXM",1
@ReceitaFederal cobra as obrigações correntes de quem aderiu ao #PERT https://t.co/VK59aeKCVZ,1
@ReceitaFederal obrigaaaaada Receita amadaaaa,1
@ReceitaFederal disponibiliza programa para declaração do ITR http://t.co/n1Ix6vccYl,1
"@ReceitaFederal   Auditores Fiscais do Brasil, mostrem que realmente estão com o povo brasileiro. Vocês podem fazer a diferença!",1
@ReceitaFederal alerta mais de oito mil empresas do #SimplesNacional https://t.co/uBr6acTKdX,1
@ReceitaFederal abre amanhã consulta ao penúltimo lote de restituição do IR http://t.co/L6yaHGx4cI http://t.co/U36r3bzN23 #malhafina,1
@ReceitaFederal @secomvc Tudo que for ilegal e que prejudicam a população deve ser combatidos. Parabéns pelo trabalho.,1
@ReceitaFederal Parabéns,1
"@ReceitaFederal prepara quarta edição de revista de estudos tributários e aduaneiros
https://t.co/qp22Pp4dSz",1
"@ReceitaFederal RFB: CERTIFICADO DIGITAL OU ASSINATURA DIGITAL?

Análise de cada cenário para a RECEITA FEDERAL e AS EMPRESAS  mudarem o modo de como ver o processo!

https://t.co/BodkycdZGZ",1
@ReceitaFederal Vai prorrogar as obrigações acessórias das empresas também?,1
"@ReceitaFederal Paraná: Quase meia tonelada de cocaína é apreendida em contêiner no Porto de Paranaguá
https://t.co/4fqhpcQYyX https://t.co/NEX6yMxHq1",1
@ReceitaFederal  Daria para acelerar o desembaraço das encomendas do exterior?,1
@ReceitaFederal libera consulta ao 2º lote de restituições do IR na quarta-feira http://t.co/r1rX99UeWV http://t.co/qs5UWl6mnp,1
@ReceitaFederal ita abre na quarta-feira consulta ao segundo lote de restituição do IR http://t.co/g3orwXc0cB http://t.co/DNXbZSaZJA,1
@ReceitaFederal Ótimo. Pelo menos agora não precisarei mais instalar e desinstalar o programa todo ano.,1
"@ReceitaFederal @MinEconomia Parabéns
Dr Paulo Guedes
@MinEconomia

Pres @jairbolsonaro o Sr está realizando um extraordinário trabalho, parabéns à sua equipe d ministros e secretários.

Parabéns @policiafederal e aos inseridos na luta contra a corrupção q mata + e d forma + perversa e silenciosa q qq vírus! https://t.co/BZG6AIED1q",1
@PortalRFB  libera o programa do Imposto de Renda para download.,1
"@ReceitaFederal Por favor existe previsaode adiamento do prazo de entrega do IRPF 2020 devido a pandemia COVID 19, com fechamento de varios setores os doctos para o imposto estao prejudicados.",1
@ReceitaFederal @JusticaGovBR continue trabalhando e servindo ao PAÍS https://t.co/9aWdylBxpj,1
@ReceitaFederal Chegou a hora https://t.co/blvYivOrXi,1
@ReceitaFederal vai investigar? https://t.co/HYARey1D1X,1
@PortalRFB abre na 2ª feira consulta a lote residual de 2008 a 2011. http://t.co/ivlZR0gb #Economia #EqMF,1
@ReceitaFederal libera consulta ao quinto lote do imposto de renda - http://t.co/dxJA0uwf9R,1
@ReceitaFederal libera penúltimo lote de pagamento do Imposto de Renda.,1
@ReceitaFederal Olha que lindo ao pesquisar um CPF na pág de restituição http://t.co/qJvlyF5o2t,1
"@ReceitaFederal altera regras de habilitação para o comércio exterior. Uma das mudanças é a dilatação do prazo de ‘desabilitação’ automática por inatividade, que passou de seis meses para 12 meses. Leia mais: https://t.co/R5NqrEv0Yr #ComercioExterior https://t.co/9yDko7KUlq",1
"@ReceitaFederal Jogos eletrônicos não são jogos de azar, são diversão e cultura😁",1
@ReceitaFederal doem pra alguem,1
@ReceitaFederal viu sim ... ainda pagou a restituição. https://t.co/EHKuQlIzTp,1
@PortalRFB: Governo lança Portal do Empregador Doméstico: http://t.co/ZxhDzPhlcs.,1
"@ReceitaFederal lança canal no @telegram_br p/ atendimento de serviços relacionados ao CPF

Esse novo canal de atendimento utiliza um chatbot, que realiza o atendimento virtual e simula um conversação por meio de chat.

Leia mais no link.

#receitafederal
https://t.co/cxMTT3LCFI",1
@ReceitaFederal  BORA GUERREIROS AUDITORES fazer aquilo que vocês são BONS.  FISCALIZAR. BORA colocar esses CORRUPTOS na CADEIA.,1
@ReceitaFederal Poderiam estender essa medida pra pessoas físicas também.,1
@ReceitaFederal vamos trabalhar https://t.co/oJYosVKhoE,1
@ReceitaFederal abre nova fase para a Repatriação - Data para adesão expira em 31 de julho - https://t.co/ajkv4vaLY3,1
@ReceitaFederal deposita hoje o dinheiro liberado em mais um lote de restituição do Imposto de Renda,1
@ReceitaFederal @MinCidadania Muito Agradecido pelo retorno.,1
"@ReceitaFederal Mais de 2500 vozes. Direito a lazer e cultura a todos. Escutem-nos. #PS5eXboxMaisBaratos 

https://t.co/apIboDWO2t",1
@ReceitaFederal empresas que importam aquilo que Brasil pode produzir deviamser sobretaxadas com impostos para combater desindustrialização?,1
@ReceitaFederal Ó povos da Terra! A religião de Deus é AMOR e UNIÃO: Não a torneis causa de inimizade e conflito https://t.co/0O3RYqe6fb,1
@ReceitaFederal  abre consulta ao último lote de restituições do IR 2015 https://t.co/FOtwTLUYDK,1
"@ReceitaFederal Operação apreende 130 quilos de cocaína em ônibus no MT
https://t.co/7LgWYXE6yR https://t.co/sNBTLjv1tk",1
@ReceitaFederal Parabéns  a todos  desta operação,1
@ReceitaFederal Alguém vai ficar sem fumar!!,1
@ReceitaFederal encontra 630 kg de cocaína no Porto de Santos que iria para Europa https://t.co/UvpEdocsog https://t.co/KMoQatXgEW,1
@ReceitaFederal faz operação para combater crimes aduaneiros no Espírito Santo http://t.co/YlIOxW3Z5J http://t.co/eRq7XimcQF,1
@PortalRFB abre consulta a lote da malha fina do IR 2011. http://t.co/llmSd2BW #ReceitaFederal #EqMF,1
"@ReceitaFederal quer reduzir importações irregulares na internet http://t.co/tXrLVecBxY

Como é comprar na internet: https://t.co/kOCcrNvhJu",1
@PortalRFB - órgão sério e relevante no Estado Brasileiro.,1
"@ReceitaFederal @ReceitaFederal: Conforme Lei 116/2003 de 31/07/03, o ramo de locação de automóveis está insento do recolhimento de iss, consequentemente desobrigado da emissão da nota fiscal. Por favor isso procede..... 🇧🇷🕵️🖋️",1
@ReceitaFederal Muito importante !! Parabéns !!!,1
@ReceitaFederal Parabéns!  🙏👏👏👏,1
@PortalRFB libera quinta-feira (8) a consulta ao terceiro lote de restituição do #ImpostodeRenda. Para saber se a... http://t.co/v4jMLYUije,1
@ReceitaFederal suspende isenção tributária do Instituto Lula relativa a 2011 https://t.co/KjsjpeG2r2 https://t.co/FLmGqe1TCr,1
@ReceitaFederal começa a receber declarações do #IR2016 nesta 3º https://t.co/cA1jeJGV3q #LEÃOFeroz https://t.co/Tc159v5hMS,1
@ReceitaFederal  bora bater em cima da #VerbaMagalhaes https://t.co/Uipd8jhknT,1
@ReceitaFederal tem todo apoio do povo ! #STFVergonhaNacional https://t.co/cvAnh6A1gj,1
@ReceitaFederal obrigado 🙏 https://t.co/qRQNfYCC8N,1
@ReceitaFederal  Parabéns  pelo trabalho.,1
"“@ReceitaFederal: Das declarações de IRPF/2014 entregues aos sistemas, 27.508 foram enviadas via m-IRPF.”",1
